{
    "Ansi 6 Color" : {
      "Red Component" : 0.11372549086809158,
      "Color Space" : "sRGB",
      "Blue Component" : 0.9529411792755127,
      "Alpha Component" : 1,
      "Green Component" : 0.96078431606292725
    },
    "Tags" : [

    ],
    "Ansi 12 Color" : {
      "Red Component" : 0.270588219165802,
      "Color Space" : "sRGB",
      "Blue Component" : 0.53333336114883423,
      "Alpha Component" : 1,
      "Green Component" : 0.52156859636306763
    },
    "Ansi 7 Color" : {
      "Red Component" : 1,
      "Color Space" : "sRGB",
      "Blue Component" : 1,
      "Alpha Component" : 1,
      "Green Component" : 1
    },
    "Ansi 8 Color" : {
      "Red Component" : 0.57254910469055176,
      "Color Space" : "sRGB",
      "Blue Component" : 0.45490187406539917,
      "Alpha Component" : 1,
      "Green Component" : 0.51372551918029785
    },
    "Bold Color" : {
      "Red Component" : 0.65882354974746704,
      "Color Space" : "sRGB",
      "Blue Component" : 0.51764702796936035,
      "Alpha Component" : 1,
      "Green Component" : 0.60000008344650269
    },
    "Ansi 9 Color" : {
      "Red Component" : 0.80000001192092896,
      "Color Space" : "sRGB",
      "Blue Component" : 0.11372547596693039,
      "Alpha Component" : 1,
      "Green Component" : 0.14117637276649475
    },
    "Ansi 0 Color" : {
      "Red Component" : 0.11372547596693039,
      "Color Space" : "sRGB",
      "Blue Component" : 0.12941175699234009,
      "Alpha Component" : 1,
      "Green Component" : 0.12549018859863281
    },
    "Ansi 5 Color" : {
      "Red Component" : 1,
      "Color Space" : "sRGB",
      "Blue Component" : 0.86666667461395264,
      "Alpha Component" : 1,
      "Green Component" : 0.47843137383460999
    },
    "Rows" : 25,
    "Default Bookmark" : "No",
    "Cursor Guide Color" : {
      "Red Component" : 0.70213186740875244,
      "Color Space" : "sRGB",
      "Blue Component" : 1,
      "Alpha Component" : 0.25,
      "Green Component" : 0.9268307089805603
    },
    "Non-ASCII Anti Aliased" : true,
    "Use Bright Bold" : false,
    "Ansi 10 Color" : {
      "Red Component" : 0.59607851505279541,
      "Color Space" : "sRGB",
      "Blue Component" : 0.10196074098348618,
      "Alpha Component" : 1,
      "Green Component" : 0.59215694665908813
    },
    "Use Cursor Guide" : false,
    "Icon" : 0,
    "Ambiguous Double Width" : false,
    "Jobs to Ignore" : [
      "rlogin",
      "ssh",
      "slogin",
      "telnet"
    ],
    "Show Status Bar" : true,
    "Ansi 15 Color" : {
      "Red Component" : 0.92156863212585449,
      "Color Space" : "sRGB",
      "Blue Component" : 0.69803923368453979,
      "Alpha Component" : 1,
      "Green Component" : 0.85882353782653809
    },
    "Foreground Color" : {
      "Red Component" : 0.73333334922790527,
      "Color Space" : "sRGB",
      "Blue Component" : 0.73333334922790527,
      "Alpha Component" : 1,
      "Green Component" : 0.73333334922790527
    },
    "Working Directory" : "\/Users\/Rich",
    "Use Tab Color" : false,
    "Blinking Cursor" : false,
    "Disable Window Resizing" : true,
    "Sync Title" : false,
    "Prompt Before Closing 2" : false,
    "BM Growl" : true,
    "Command" : "\/bin\/zsh",
    "Description" : "Default",
    "Smart Cursor Color" : false,
    "Mouse Reporting" : true,
    "Screen" : -1,
    "Selection Color" : {
      "Red Component" : 0.48627448081970215,
      "Color Space" : "sRGB",
      "Blue Component" : 0.39215689897537231,
      "Alpha Component" : 1,
      "Green Component" : 0.43529409170150757
    },
    "Columns" : 80,
    "Idle Code" : 0,
    "Ansi 13 Color" : {
      "Red Component" : 0.69411772489547729,
      "Color Space" : "sRGB",
      "Blue Component" : 0.5254901647567749,
      "Alpha Component" : 1,
      "Green Component" : 0.38431364297866821
    },
    "Custom Command" : "Yes",
    "ASCII Anti Aliased" : true,
    "Non Ascii Font" : "Monaco 12",
    "Vertical Spacing" : 1,
    "Use Bold Font" : true,
    "Option Key Sends" : 0,
    "Selected Text Color" : {
      "Red Component" : 0.65882354974746704,
      "Color Space" : "sRGB",
      "Blue Component" : 0.51764702796936035,
      "Alpha Component" : 1,
      "Green Component" : 0.60000008344650269
    },
    "Background Color" : {
      "Red Component" : 0.14901961386203766,
      "Color Space" : "sRGB",
      "Blue Component" : 0.21176470816135406,
      "Alpha Component" : 1,
      "Green Component" : 0.13725490868091583
    },
    "Character Encoding" : 4,
    "Ansi 11 Color" : {
      "Red Component" : 0.84313732385635376,
      "Color Space" : "sRGB",
      "Blue Component" : 0.12941175699234009,
      "Alpha Component" : 1,
      "Green Component" : 0.60000002384185791
    },
    "Use Italic Font" : true,
    "Unlimited Scrollback" : false,
    "Keyboard Map" : {
      "0xf700-0x260000" : {
        "Action" : 10,
        "Text" : "[1;6A"
      },
      "0x37-0x40000" : {
        "Action" : 11,
        "Text" : "0x1f"
      },
      "0x32-0x40000" : {
        "Action" : 11,
        "Text" : "0x00"
      },
      "0xf709-0x20000" : {
        "Action" : 10,
        "Text" : "[17;2~"
      },
      "0xf70c-0x20000" : {
        "Action" : 10,
        "Text" : "[20;2~"
      },
      "0xf729-0x20000" : {
        "Action" : 10,
        "Text" : "[1;2H"
      },
      "0xf72b-0x40000" : {
        "Action" : 10,
        "Text" : "[1;5F"
      },
      "0xf705-0x20000" : {
        "Action" : 10,
        "Text" : "[1;2Q"
      },
      "0xf703-0x260000" : {
        "Action" : 10,
        "Text" : "[1;6C"
      },
      "0xf700-0x220000" : {
        "Action" : 10,
        "Text" : "[1;2A"
      },
      "0xf701-0x280000" : {
        "Action" : 11,
        "Text" : "0x1b 0x1b 0x5b 0x42"
      },
      "0x38-0x40000" : {
        "Action" : 11,
        "Text" : "0x7f"
      },
      "0x33-0x40000" : {
        "Action" : 11,
        "Text" : "0x1b"
      },
      "0xf703-0x220000" : {
        "Action" : 10,
        "Text" : "[1;2C"
      },
      "0xf701-0x240000" : {
        "Action" : 10,
        "Text" : "[1;5B"
      },
      "0xf70d-0x20000" : {
        "Action" : 10,
        "Text" : "[21;2~"
      },
      "0xf702-0x260000" : {
        "Action" : 10,
        "Text" : "[1;6D"
      },
      "0xf729-0x40000" : {
        "Action" : 10,
        "Text" : "[1;5H"
      },
      "0xf706-0x20000" : {
        "Action" : 10,
        "Text" : "[1;2R"
      },
      "0x34-0x40000" : {
        "Action" : 11,
        "Text" : "0x1c"
      },
      "0xf700-0x280000" : {
        "Action" : 11,
        "Text" : "0x1b 0x1b 0x5b 0x41"
      },
      "0x2d-0x40000" : {
        "Action" : 11,
        "Text" : "0x1f"
      },
      "0xf70e-0x20000" : {
        "Action" : 10,
        "Text" : "[23;2~"
      },
      "0xf702-0x220000" : {
        "Action" : 10,
        "Text" : "[1;2D"
      },
      "0xf703-0x280000" : {
        "Action" : 11,
        "Text" : "0x1b 0x1b 0x5b 0x43"
      },
      "0xf700-0x240000" : {
        "Action" : 10,
        "Text" : "[1;5A"
      },
      "0xf707-0x20000" : {
        "Action" : 10,
        "Text" : "[1;2S"
      },
      "0xf70a-0x20000" : {
        "Action" : 10,
        "Text" : "[18;2~"
      },
      "0x35-0x40000" : {
        "Action" : 11,
        "Text" : "0x1d"
      },
      "0xf70f-0x20000" : {
        "Action" : 10,
        "Text" : "[24;2~"
      },
      "0xf703-0x240000" : {
        "Action" : 10,
        "Text" : "[1;5C"
      },
      "0xf701-0x260000" : {
        "Action" : 10,
        "Text" : "[1;6B"
      },
      "0xf702-0x280000" : {
        "Action" : 11,
        "Text" : "0x1b 0x1b 0x5b 0x44"
      },
      "0xf72b-0x20000" : {
        "Action" : 10,
        "Text" : "[1;2F"
      },
      "0x36-0x40000" : {
        "Action" : 11,
        "Text" : "0x1e"
      },
      "0xf708-0x20000" : {
        "Action" : 10,
        "Text" : "[15;2~"
      },
      "0xf701-0x220000" : {
        "Action" : 10,